EPS,MSE,T
5.00E-04,0.00464706,2.622452458
0.001,0.008312319,2.429417358
0.0015,0.011613528,2.312183846
0.002,0.014683568,2.226965911
0.0025,0.017584822,2.159639035
0.003,0.020353657,2.104082591
0.0035,0.023013878,2.056530042
0.004,0.025582263,2.014627301
0.0045,0.028071262,1.97790355
0.005,0.030490467,1.944475521
0.0055,0.032847492,1.913872395
0.006,0.035148518,1.886094173
0.0065,0.037398666,1.860199221
0.007,0.039602238,1.836187538
0.0075,0.041762901,1.814059124
0.008,0.043883815,1.792872345
0.0085,0.045967736,1.773098017
0.009,0.048017075,1.754265324
0.0095,0.05003397,1.736374266
0.01,0.052020326,1.719424843
0.0105,0.053977847,1.702946237
0.011,0.05590807,1.687409265
0.0115,0.057812385,1.672813929
0.012,0.059692059,1.658218592
0.0125,0.061548244,1.64456489
0.013,0.063382001,1.631382005
0.0135,0.065194303,1.618669937
0.014,0.06698605,1.606428687
0.0145,0.068758072,1.594658254
0.015,0.070511139,1.582887821
0.0155,0.072245974,1.571588205
0.016,0.073963238,1.560759407
0.0165,0.075663556,1.550401426
0.017,0.077347524,1.540043445
0.0175,0.079015682,1.530156281
0.018,0.08066855,1.520739935
0.0185,0.082306615,1.511323589
0.019,0.083930331,1.501907242
0.0195,0.085540137,1.492961713
0.02,0.087136444,1.484016184
0.0205,0.088719632,1.475541473
0.021,0.09029008,1.467066761
0.0215,0.091848125,1.459062867
0.022,0.093394111,1.451058972
0.0225,0.094928357,1.443055078
0.023,0.09645115,1.435522001
0.0235,0.097962793,1.427988924
0.024,0.099463556,1.420926664
0.0245,0.100953699,1.413393587
0.025,0.102433478,1.406331327
0.0255,0.103903137,1.399269067
0.026,0.105362894,1.392677625
0.0265,0.106812986,1.386086182
0.027,0.108253618,1.37949474
0.0275,0.109684995,1.372903297
0.028,0.111107322,1.366311855
0.0285,0.11252077,1.36019123
0.029,0.113925536,1.354070605
0.0295,0.115321794,1.34794998
0.03,0.116709712,1.342300172
0.0305,0.118089446,1.336179547
0.031,0.119461163,1.330529739
0.0315,0.120825013,1.324879931
0.032,0.12218114,1.319230123
0.0325,0.123529689,1.313580315
0.033,0.124870799,1.308401325
0.0335,0.126204595,1.302751517
0.034,0.127531212,1.297572527
0.0345,0.128850775,1.292393536
0.035,0.130163405,1.287214546
0.0355,0.131469219,1.282035555
0.036,0.132768332,1.277327382
0.0365,0.134060844,1.272148392
0.037,0.135346878,1.267440218
0.0375,0.136626532,1.262261228
0.038,0.137899899,1.257553055
0.0385,0.139167087,1.252844882
0.039,0.14042819,1.248607526
0.0395,0.141683292,1.243899352
0.04,0.142932495,1.239191179
0.0405,0.144175887,1.234953823
0.041,0.145413544,1.23024565
0.0415,0.146645555,1.226008294
0.042,0.147872005,1.221770939
0.0425,0.149092969,1.217533583
0.043,0.150308523,1.213296227
0.0435,0.151518743,1.209058871
0.044,0.152723703,1.204821515
0.0445,0.15392348,1.200584159
0.045,0.155118135,1.196817621
0.0455,0.156307739,1.192580265
0.046,0.157492362,1.188813726
0.0465,0.158672072,1.18457637
0.047,0.159846916,1.180809832
0.0475,0.161016973,1.177043293
0.048,0.162182299,1.173276755
0.0485,0.163342953,1.169510216
0.049,0.164498993,1.165743678
0.0495,0.165650476,1.161977139
0.05,0.166797461,1.158210601
0.0505,0.167939996,1.154914879
0.051,0.169078131,1.151148341
0.0515,0.170211935,1.147381802
0.052,0.171341435,1.144086081
0.0525,0.17246671,1.140319543
0.053,0.173587775,1.137023821
0.0535,0.174704705,1.1337281
0.054,0.175817543,1.130432379
0.0545,0.176926324,1.12666584
0.055,0.178031096,1.123370119
0.0555,0.179131908,1.120074398
0.056,0.180228804,1.116778677
0.0565,0.181321824,1.113482956
0.057,0.182411014,1.110187234
0.0575,0.1834964,1.10736233
0.058,0.184578034,1.104066609
0.0585,0.185655961,1.100770888
0.059,0.186730217,1.097945984
0.0595,0.187800822,1.094650263
0.06,0.188867843,1.091354542
0.0605,0.189931286,1.088529638
0.061,0.19099122,1.085233917
0.0615,0.192047641,1.082409013
0.062,0.193100618,1.079584109
0.0625,0.194150177,1.076288387
0.063,0.195196333,1.073463484
0.0635,0.196239137,1.07063858
0.064,0.19727862,1.067813676
0.0645,0.198314812,1.064988772
0.065,0.199347743,1.062163868
0.0655,0.200377442,1.059338964
0.066,0.201403941,1.05651406
0.0665,0.202427269,1.053689156
0.067,0.203447456,1.050864252
0.0675,0.204464533,1.048039348
0.068,0.205478529,1.045214445
0.0685,0.206489474,1.042389541
0.069,0.207497377,1.040035454
0.0695,0.208502282,1.03721055
0.07,0.209504223,1.034385646
0.0705,0.210503203,1.03203156
0.071,0.211499267,1.029206656
0.0715,0.212492435,1.026852569
0.072,0.213482725,1.024027665
0.0725,0.214470173,1.021673579
0.073,0.215454797,1.018848675
0.0735,0.216436617,1.016494588
0.074,0.217415674,1.014140502
0.0745,0.218391962,1.011315598
0.075,0.219365525,1.008961511
0.0755,0.220336388,1.006607425
0.076,0.221304567,1.003782521
0.0765,0.222270071,1.001428434
0.077,0.223232936,0.999074347
0.0775,0.224193184,0.996720261
0.078,0.225150834,0.994366174
0.0785,0.226105906,0.992012088
0.079,0.227058419,0.989658001
0.0795,0.228008394,0.987303915
0.08,0.228955849,0.984949828
0.0805,0.229900806,0.982595741
0.081,0.230843284,0.980241655
0.0815,0.231783303,0.977887568
0.082,0.232720882,0.975533482
0.0825,0.233656041,0.973179395
0.083,0.23458879,0.971296126
0.0835,0.235519146,0.968942039
0.084,0.236447139,0.966587953
0.0845,0.237372788,0.964233866
0.085,0.238296095,0.962350597
0.0855,0.239217081,0.95999651
0.086,0.240135781,0.957642424
0.0865,0.241052186,0.955759154
0.087,0.241966327,0.953405068
0.0875,0.242878227,0.951521798
0.088,0.243787876,0.949167712
0.0885,0.244695327,0.947284443
0.089,0.245600554,0.944930356
0.0895,0.246503613,0.943047087
0.09,0.247404483,0.940693
0.0905,0.248303208,0.938809731
0.091,0.24919979,0.936455644
0.0915,0.250094236,0.934572375
0.092,0.250986585,0.932689106
0.0925,0.251876824,0.930335019
0.093,0.252764978,0.92845175
0.0935,0.253651072,0.926568481
0.094,0.25453511,0.924214394
0.0945,0.255417093,0.922331125
0.095,0.256297053,0.920447855
0.0955,0.257175004,0.918564586
0.096,0.258050956,0.916681317
0.0965,0.258924915,0.91432723
0.097,0.25979689,0.912443961
0.0975,0.260666905,0.910560692
0.098,0.261534972,0.908677423
0.0985,0.262401102,0.906794153
0.099,0.263265308,0.904910884
0.0995,0.2641276,0.903027615
0.1,0.264987992,0.901144345
0.1005,0.265846495,0.899261076
0.101,0.26670312,0.897377807
0.1015,0.267557881,0.895494538
0.102,0.268410787,0.893611268
0.1025,0.269261853,0.891727999
0.103,0.270111088,0.88984473
0.1035,0.270958506,0.887961461
0.104,0.271804118,0.886078191
0.1045,0.272647923,0.884665739
0.105,0.273489939,0.88278247
0.1055,0.274330182,0.880899201
0.106,0.275168664,0.879015932
0.1065,0.276005397,0.877132662
0.107,0.27684038,0.87572021
0.1075,0.27767362,0.873836941
0.108,0.278505145,0.871953672
0.1085,0.279334966,0.870070402
0.109,0.280163067,0.868657951
0.1095,0.280989476,0.866774681
0.11,0.281814216,0.864891412
0.1105,0.282637268,0.86347896
0.111,0.283458656,0.861595691
0.1115,0.284278407,0.859712422
0.112,0.285096485,0.85829997
0.1125,0.285912945,0.8564167
0.113,0.286727775,0.855004248
0.1135,0.287540982,0.853120979
0.114,0.288352593,0.851708527
0.1145,0.289162587,0.849825258
0.115,0.289971011,0.848412806
0.1155,0.290777829,0.846529537
0.116,0.291583097,0.845117085
0.1165,0.29238678,0.843233815
0.117,0.293188923,0.841821363
0.1175,0.293989508,0.839938094
0.118,0.294788558,0.838525642
0.1185,0.295586084,0.836642373
0.119,0.296382072,0.835229921
0.1195,0.297176566,0.833817469
0.12,0.297969534,0.8319342
0.1205,0.298761011,0.830521748
0.121,0.299551013,0.829109296
0.1215,0.300339505,0.827226027
0.122,0.301126535,0.825813575
0.1225,0.301912111,0.824401123
0.123,0.302696207,0.822517853
0.1235,0.303478856,0.821105401
0.124,0.30426007,0.81969295
0.1245,0.305039852,0.81780968
0.125,0.305818184,0.816397228
0.1255,0.306595102,0.814984776
0.126,0.307370612,0.813572324
0.1265,0.308144721,0.812159872
0.127,0.308917416,0.810276603
0.1275,0.309688715,0.808864151
0.128,0.310458631,0.807451699
0.1285,0.311227173,0.806039247
0.129,0.311994345,0.804626795
0.1295,0.312760153,0.803214343
0.13,0.313524599,0.801331074
0.1305,0.314287684,0.799918622
0.131,0.315049426,0.79850617
0.1315,0.31580983,0.797093718
0.132,0.316568903,0.795681266
0.1325,0.317326652,0.794268814
0.133,0.318083081,0.792856362
0.1335,0.318838198,0.79144391
0.134,0.319592009,0.790031459
0.1345,0.320344519,0.788619007
0.135,0.321095734,0.787206555
0.1355,0.321845662,0.785794103
0.136,0.322594307,0.784381651
0.1365,0.323341677,0.782969199
0.137,0.324087776,0.781556747
0.1375,0.324832612,0.780144295
0.138,0.325576191,0.778731843
0.1385,0.326318518,0.777319391
0.139,0.327059599,0.775906939
0.1395,0.327799442,0.774494487
0.14,0.328538051,0.773082035
0.1405,0.329275433,0.771669583
0.141,0.330011591,0.770727949
0.1415,0.330746519,0.769315497
0.142,0.331480237,0.767903045
0.1425,0.332212751,0.766490593
0.143,0.332944067,0.765078141
0.1435,0.333674191,0.763665689
0.144,0.334403129,0.762253237
0.1445,0.335130876,0.761311602
0.145,0.335857433,0.75989915
0.1455,0.33658282,0.758486698
0.146,0.337307044,0.757074246
0.1465,0.338030112,0.755661794
0.147,0.338752012,0.75472016
0.1475,0.339472748,0.753307708
0.148,0.340192344,0.751895256
0.1485,0.340910806,0.750482804
0.149,0.341628124,0.749541169
0.1495,0.342344295,0.748128717
0.15,0.343059349,0.746716265
0.1505,0.343773291,0.745303813
0.151,0.344486092,0.744362179
0.1515,0.345197782,0.742949727
0.152,0.345908379,0.741537275
0.1525,0.346617859,0.74059564
0.153,0.347326233,0.739183188
0.1535,0.348033529,0.737770736
0.154,0.348739723,0.736829102
0.1545,0.349444827,0.73541665
0.155,0.350148868,0.734004198
0.1555,0.350851811,0.733062563
0.156,0.351553689,0.731650111
0.1565,0.352254514,0.730708477
0.157,0.352954247,0.729296025
0.1575,0.353652945,0.727883573
0.158,0.354350574,0.726941938
0.1585,0.355047156,0.725529486
0.159,0.355742704,0.724587851
0.1595,0.356437188,0.723175399
0.16,0.357130666,0.721762948
0.1605,0.357823073,0.720821313
0.161,0.358514482,0.719408861
0.1615,0.359204842,0.718467226
0.162,0.359894201,0.717054774
0.1625,0.360582529,0.71611314
0.163,0.361269855,0.714700688
0.1635,0.361956164,0.713759053
0.164,0.362641477,0.712346601
0.1645,0.363325781,0.711404967
0.165,0.364009099,0.709992515
0.1655,0.364691411,0.70905088
0.166,0.365372753,0.707638428
0.1665,0.366053087,0.706696793
0.167,0.36673247,0.705284341
0.1675,0.36741084,0.704342707
0.168,0.368088269,0.703401072
0.1685,0.368764702,0.70198862
0.169,0.369440187,0.701046986
0.1695,0.370114706,0.699634534
0.17,0.370788259,0.698692899
0.1705,0.371460884,0.697280447
0.171,0.372132519,0.696338812
0.1715,0.372803233,0.695397178
0.172,0.373472998,0.693984726
0.1725,0.374141814,0.693043091
0.173,0.374809716,0.692101457
0.1735,0.375476659,0.690689005
0.174,0.376142683,0.68974737
0.1745,0.3768078,0.688334918
0.175,0.377471959,0.687393283
0.1755,0.378135219,0.686451649
0.176,0.378797577,0.685039197
0.1765,0.379458991,0.684097562
0.177,0.380119514,0.683155927
0.1775,0.380779148,0.682214293
0.178,0.381437847,0.680801841
0.1785,0.38209566,0.679860206
0.179,0.382752593,0.678918572
0.1795,0.383408619,0.67750612
0.18,0.384063751,0.676564485
0.1805,0.38471801,0.67562285
0.181,0.385371399,0.674210398
0.1815,0.386023877,0.673268764
0.182,0.38667549,0.672327129
0.1825,0.387326242,0.671385495
0.183,0.38797613,0.669973043
0.1835,0.388625125,0.669031408
0.184,0.389273266,0.668089773
0.1845,0.389920556,0.667148139
0.185,0.390566998,0.666206504
0.1855,0.391212565,0.664794052
0.186,0.39185728,0.663852417
0.1865,0.392501155,0.662910783
0.187,0.393144191,0.661969148
0.1875,0.393786393,0.661027514
0.188,0.394427732,0.659615062
0.1885,0.395068237,0.658673427
0.189,0.395707915,0.657731792
0.1895,0.396346768,0.656790158
0.19,0.396984799,0.655848523
0.1905,0.397622005,0.654436071
0.191,0.39825837,0.653494437
0.1915,0.398893921,0.652552802
0.192,0.399528659,0.651611167
0.1925,0.400162589,0.650669533
0.193,0.40079571,0.649727898
0.1935,0.401428028,0.648786263
0.194,0.402059542,0.647844629
0.1945,0.402690236,0.646432177
0.195,0.403320133,0.645490542
0.1955,0.403949236,0.644548907
0.196,0.404577546,0.643607273
0.1965,0.405205068,0.642665638
0.197,0.405831802,0.641724004
0.1975,0.406457751,0.640782369
0.198,0.407082919,0.639840734
0.1985,0.407707306,0.6388991
0.199,0.408330916,0.637957465
0.1995,0.408953749,0.636545013
0.2,0.4095758,0.635603378
0.2005,0.410197082,0.634661744
0.201,0.410817596,0.633720109
0.2015,0.411437346,0.632778475
0.202,0.412056334,0.63183684
0.2025,0.412674562,0.630895205
0.203,0.413292032,0.629953571
0.2035,0.413908748,0.629011936
0.204,0.414524711,0.628070301
0.2045,0.415139923,0.627128667
0.205,0.415754388,0.626187032
0.2055,0.416368107,0.625245397
0.206,0.416981083,0.624303763
0.2065,0.417593319,0.623362128
0.207,0.418204816,0.622420494
0.2075,0.418815577,0.621478859
0.208,0.419425605,0.620537224
0.2085,0.420034901,0.61959559
0.209,0.420643469,0.618653955
0.2095,0.42125131,0.61771232
0.21,0.421858427,0.616770686
0.2105,0.422464823,0.615829051
0.211,0.4230705,0.614887416
0.2115,0.423675459,0.613945782
0.212,0.424279704,0.613004147
0.2125,0.424883237,0.612062513
0.213,0.425486058,0.611591695
0.2135,0.426088162,0.610650061
0.214,0.42668956,0.609708426
0.2145,0.427290254,0.608766791
0.215,0.427890247,0.607825157
0.2155,0.428489542,0.606883522
0.216,0.42908814,0.605941887
0.2165,0.429686044,0.605000253
0.217,0.430283256,0.604058618
0.2175,0.430879779,0.603116984
0.218,0.431475616,0.602175349
0.2185,0.432070768,0.601233714
0.219,0.432665223,0.600762897
0.2195,0.433258991,0.599821262
0.22,0.43385208,0.598879628
0.2205,0.434444493,0.597937993
0.221,0.435036233,0.596996358
0.2215,0.435627302,0.596054724
0.222,0.436217702,0.595113089
0.2225,0.436807435,0.594171455
0.223,0.437396481,0.593700637
0.2235,0.43798486,0.592759003
0.224,0.438572578,0.591817368
0.2245,0.439159638,0.590875733
0.225,0.439746043,0.589934099
0.2255,0.440331795,0.588992464
0.226,0.440916882,0.588521647
0.2265,0.4415013,0.587580012
0.227,0.442085072,0.586638377
0.2275,0.442668199,0.585696743
0.228,0.443250684,0.584755108
0.2285,0.443832529,0.583813474
0.229,0.444413703,0.583342656
0.2295,0.444994236,0.582401022
0.23,0.445574136,0.581459387
0.2305,0.446153404,0.580517752
0.231,0.446732044,0.579576118
0.2315,0.44731002,0.5791053
0.232,0.447887365,0.578163666
0.2325,0.448464088,0.577222031
0.233,0.44904019,0.576280396
0.2335,0.449615661,0.575809579
0.234,0.450190484,0.574867945
0.2345,0.450764692,0.57392631
0.235,0.451338288,0.572984675
0.2355,0.451911273,0.572513858
0.236,0.452483604,0.571572223
0.2365,0.453055328,0.570630589
0.237,0.453626449,0.569688954
0.2375,0.454196968,0.569218137
0.238,0.454766837,0.568276502
0.2385,0.455336108,0.567334867
0.239,0.455904784,0.566393233
0.2395,0.456472857,0.565922415
0.24,0.457040295,0.564980781
0.2405,0.457607144,0.564039146
0.241,0.458173407,0.563097512
0.2415,0.458739051,0.562626694
0.242,0.45930409,0.56168506
0.2425,0.459868548,0.560743425
0.243,0.46043242,0.560272608
0.2435,0.460995664,0.559330973
0.244,0.461558333,0.558389338
0.2445,0.46212043,0.557447704
0.245,0.462681908,0.556976886
0.2455,0.463242805,0.556035252
0.246,0.463803136,0.555093617
0.2465,0.464362865,0.5546228
0.247,0.464922005,0.553681165
0.2475,0.465480586,0.552739531
0.248,0.466038577,0.552268713
0.2485,0.466595977,0.551327079
0.249,0.467152823,0.550385444
0.2495,0.467709086,0.549914627
0.25,0.468264762,0.548972992
0.2505,0.46881989,0.548031357
0.251,0.469374435,0.54756054
0.2515,0.469928402,0.546618905
0.252,0.470481827,0.545677271
0.2525,0.471034664,0.545206454
0.253,0.471586939,0.544264819
0.2535,0.472138678,0.543323184
0.254,0.472689817,0.542852367
0.2545,0.473240415,0.541910732
0.255,0.473790471,0.541439915
0.2555,0.474339935,0.54049828
0.256,0.474888873,0.539556646
0.2565,0.475437247,0.539085828
0.257,0.47598506,0.538144194
0.2575,0.476532354,0.537202559
0.258,0.477079055,0.536731742
0.2585,0.477625234,0.535790107
0.259,0.478170869,0.53531929
0.2595,0.478715938,0.534377655
0.26,0.479260498,0.533436021
0.2605,0.479804477,0.532965203
0.261,0.480347938,0.532023569
0.2615,0.48089086,0.531552751
0.262,0.481433228,0.530611117
0.2625,0.481975096,0.529669482
0.263,0.482516378,0.529198665
0.2635,0.483057163,0.52825703
0.264,0.483597398,0.527786213
0.2645,0.484137106,0.526844578
0.265,0.484676298,0.526373761
0.2655,0.485214935,0.525432126
0.266,0.485753085,0.524490492
0.2665,0.486290659,0.524019674
0.267,0.486827749,0.52307804
0.2675,0.487364289,0.522607222
0.268,0.487900323,0.521665588
0.2685,0.488435834,0.52119477
0.269,0.48897082,0.520253136
0.2695,0.489505304,0.519782318
0.27,0.490039247,0.518840684
0.2705,0.490572709,0.518369866
0.271,0.491105615,0.517428232
0.2715,0.491638056,0.516486597
0.272,0.492169934,0.51601578
0.2725,0.492701348,0.515074145
0.273,0.493232214,0.514603328
0.2735,0.493762606,0.513661693
0.274,0.494292463,0.513190876
0.2745,0.494821841,0.512249241
0.275,0.495350693,0.511778424
0.2755,0.495879062,0.510836789
0.276,0.496406913,0.510365972
0.2765,0.496934279,0.509424337
0.277,0.497461132,0.50895352
0.2775,0.497987501,0.508011885
0.278,0.498513361,0.507541068
0.2785,0.499038739,0.506599433
0.279,0.499563609,0.506128616
0.2795,0.500088002,0.505186982
0.28,0.500611886,0.504716164
0.2805,0.5011353,0.50377453
0.281,0.501658201,0.503303712
0.2815,0.502180642,0.502362078
0.282,0.502702564,0.50189126
0.2825,0.503224039,0.500949626
0.283,0.503744985,0.500478808
0.2835,0.504265498,0.500007991
0.284,0.504785474,0.499066356
0.2845,0.505305017,0.498595539
0.285,0.505824041,0.497653904
0.2855,0.506342617,0.497183087
0.286,0.506860694,0.496241453
0.2865,0.507378307,0.495770635
0.287,0.507895444,0.494829001
0.2875,0.508412098,0.494358183
0.288,0.508928301,0.493416549
0.2885,0.509443999,0.492945731
0.289,0.509959272,0.492474914
0.2895,0.51047402,0.491533279
0.29,0.510988342,0.491062462
0.2905,0.511502171,0.490120827
0.291,0.512015546,0.48965001
0.2915,0.51252846,0.488708375
0.292,0.513040892,0.488237558
0.2925,0.513552898,0.487295923
0.293,0.514064391,0.486825106
0.2935,0.514575463,0.486354289
0.294,0.515086052,0.485412654
0.2945,0.51559619,0.484941837
0.295,0.516105884,0.484000202
0.2955,0.516615091,0.483529385
0.296,0.517123882,0.483058568
0.2965,0.517632178,0.482116933
0.297,0.518140043,0.481646116
0.2975,0.51864746,0.480704481
0.298,0.519154402,0.480233664
0.2985,0.519660931,0.479762846
0.299,0.520166969,0.478821212
0.2995,0.520672581,0.478350394
0.3,0.521177754,0.47740876
0.3005,0.521682452,0.476937942
0.301,0.52218674,0.476467125
0.3015,0.522690554,0.475525491
0.302,0.523193934,0.475054673
0.3025,0.523696897,0.474113039
0.303,0.524199371,0.473642221
0.3035,0.524701439,0.473171404
0.304,0.525203063,0.472229769
0.3045,0.52570423,0.471758952
0.305,0.526204993,0.471288135
0.3055,0.526705289,0.4703465
0.306,0.527205156,0.469875683
0.3065,0.527704621,0.469404865
0.307,0.5282036,0.468463231
0.3075,0.528702174,0.467992413
0.308,0.529200332,0.467050779
0.3085,0.529698021,0.466579962
0.309,0.530195309,0.466109144
0.3095,0.53069217,0.46516751
0.31,0.531188577,0.464696692
0.3105,0.531684586,0.464225875
0.311,0.532180161,0.46328424
0.3115,0.532675294,0.462813423
0.312,0.53317003,0.462342606
0.3125,0.533664331,0.461400971
0.313,0.534158195,0.460930154
0.3135,0.534651665,0.460459336
0.314,0.535144703,0.459517702
0.3145,0.535637307,0.459046884
0.315,0.536129518,0.458576067
0.3155,0.536621304,0.457634432
0.316,0.537112654,0.457163615
0.3165,0.537603612,0.456692798
0.317,0.538094157,0.455751163
0.3175,0.53858426,0.455280346
0.318,0.539073973,0.454809529
0.3185,0.539563289,0.453867894
0.319,0.540052151,0.453397077
0.3195,0.540540626,0.452926259
0.32,0.541028714,0.452455442
0.3205,0.541516352,0.451513807
0.321,0.542003595,0.45104299
0.3215,0.542490453,0.450572173
0.322,0.542976887,0.449630538
0.3225,0.543462905,0.449159721
0.323,0.54394854,0.448688903
0.3235,0.544433781,0.447747269
0.324,0.54491858,0.447276451
0.3245,0.545402999,0.446805634
0.325,0.545887037,0.446334817
0.3255,0.546370647,0.445393182
0.326,0.546853856,0.444922365
0.3265,0.547336686,0.444451548
0.327,0.547819129,0.443509913
0.3275,0.548301135,0.443039096
0.328,0.548782764,0.442568278
0.3285,0.549264016,0.442097461
0.329,0.549744861,0.441155826
0.3295,0.550225295,0.440685009
0.33,0.550705355,0.440214192
0.3305,0.551185041,0.439743374
0.331,0.551664305,0.43880174
0.3315,0.552143179,0.438330922
0.332,0.552621681,0.437860105
0.3325,0.553099811,0.437389288
0.333,0.553577513,0.436447653
0.3335,0.554054838,0.435976836
0.334,0.554531792,0.435506019
0.3345,0.555008377,0.435035201
0.335,0.555484535,0.434093567
0.3355,0.555960321,0.433622749
0.336,0.55643574,0.433151932
0.3365,0.55691079,0.432681115
0.337,0.557385423,0.43173948
0.3375,0.557859681,0.431268663
0.338,0.558333574,0.430797845
0.3385,0.558807102,0.430327028
0.339,0.559280226,0.429385393
0.3395,0.559752967,0.428914576
0.34,0.560225346,0.428443759
0.3405,0.560697361,0.427972941
0.341,0.561168996,0.427031307
0.3415,0.561640231,0.42656049
0.342,0.562111105,0.426089672
0.3425,0.562581619,0.425618855
0.343,0.563051774,0.425148038
0.3435,0.563521522,0.424206403
0.344,0.563990904,0.423735586
0.3445,0.564459927,0.423264768
0.345,0.564928593,0.422793951
0.3455,0.565396892,0.421852316
0.346,0.565864791,0.421381499
0.3465,0.566332335,0.420910682
0.347,0.566799523,0.420439864
0.3475,0.567266357,0.419969047
0.348,0.567732818,0.419027412
0.3485,0.568198893,0.418556595
0.349,0.568664615,0.418085778
0.3495,0.569129984,0.417614961
0.35,0.569595001,0.417144143
0.3505,0.570059651,0.416202509
0.351,0.570523917,0.415731691
0.3515,0.570987833,0.415260874
0.352,0.571451399,0.414790057
0.3525,0.571914615,0.414319239
0.353,0.572377481,0.413377605
0.3535,0.572839954,0.412906787
0.354,0.573302079,0.41243597
0.3545,0.573763858,0.411965153
0.355,0.57422529,0.411494335
0.3555,0.574686376,0.411023518
0.356,0.575147093,0.410081883
0.3565,0.575607444,0.409611066
0.357,0.576067451,0.409140249
0.3575,0.576527114,0.408669431
0.358,0.576986434,0.408198614
0.3585,0.577445412,0.407727797
0.359,0.577904017,0.406786162
0.3595,0.578362268,0.406315345
0.36,0.578820178,0.405844528
0.3605,0.579277748,0.40537371
0.361,0.579734978,0.404902893
0.3615,0.580191868,0.404432076
0.362,0.580648398,0.403490441
0.3625,0.581104571,0.403019624
0.363,0.581560406,0.402548806
0.3635,0.582015904,0.402077989
0.364,0.582471066,0.401607172
0.3645,0.582925891,0.401136354
0.365,0.583380381,0.400665537
0.3655,0.583834498,0.399723902
0.366,0.58428828,0.399253085
0.3665,0.584741729,0.398782268
0.367,0.585194843,0.39831145
0.3675,0.585647625,0.397840633
0.368,0.586100075,0.397369816
0.3685,0.586552192,0.396898999
0.369,0.587003945,0.395957364
0.3695,0.587455365,0.395486547
0.37,0.587906455,0.395015729
0.3705,0.588357216,0.394544912
0.371,0.588807647,0.394074095
0.3715,0.589257749,0.393603277
0.372,0.589707523,0.39313246
0.3725,0.59015696,0.392190825
0.373,0.590606046,0.391720008
0.3735,0.591054807,0.391249191
0.374,0.591503241,0.390778373
0.3745,0.59195135,0.390307556
0.375,0.592399133,0.389836739
0.3755,0.592846593,0.389365921
0.376,0.593293728,0.388895104
0.3765,0.593740539,0.388424287
0.377,0.594187001,0.387482652
0.3775,0.594633138,0.387011835
0.378,0.595078953,0.386541018
0.3785,0.595524447,0.3860702
0.379,0.59596962,0.385599383
0.3795,0.596414472,0.385128566
0.38,0.596859005,0.384657748
0.3805,0.597303218,0.384186931
0.381,0.597747113,0.383716114
0.3815,0.598190676,0.382774479
0.382,0.598633908,0.382303662
0.3825,0.599076823,0.381832844
0.383,0.599519421,0.381362027
0.3835,0.599961703,0.38089121
0.384,0.60040367,0.380420392
0.3845,0.600845321,0.379949575
0.385,0.601286658,0.379478758
0.3855,0.60172768,0.37900794
0.386,0.602168388,0.378537123
0.3865,0.602608784,0.378066306
0.387,0.603048853,0.377124671
0.3875,0.603488601,0.376653854
0.388,0.603928037,0.376183037
0.3885,0.604367163,0.375712219
0.389,0.604805978,0.375241402
0.3895,0.605244482,0.374770585
0.39,0.605682677,0.374299767
0.3905,0.606120563,0.37382895
0.391,0.606558141,0.373358133
0.3915,0.60699541,0.372887315
0.392,0.607432371,0.372416498
0.3925,0.607869026,0.371945681
0.393,0.608305373,0.371474863
0.3935,0.608741409,0.370533229
0.394,0.609177127,0.370062411
0.3945,0.60961254,0.369591594
0.395,0.610047648,0.369120777
0.3955,0.610482452,0.368649959
0.396,0.610916953,0.368179142
0.3965,0.611351151,0.367708325
0.397,0.611785046,0.367237508
0.3975,0.612218638,0.36676669
0.398,0.61265193,0.366295873
0.3985,0.61308492,0.365825056
0.399,0.613517609,0.365354238
0.3995,0.613949998,0.364883421
0.4,0.614382087,0.364412604
0.4005,0.614813877,0.363941786
0.401,0.615245369,0.363470969
0.4015,0.615676561,0.363000152
0.402,0.616107456,0.362529334
0.4025,0.616538054,0.362058517
0.403,0.616968345,0.361116882
0.4035,0.617398338,0.360646065
0.404,0.617828035,0.360175248
0.4045,0.618257437,0.35970443
0.405,0.618686545,0.359233613
0.4055,0.619115358,0.358762796
0.406,0.619543878,0.358291979
0.4065,0.619972104,0.357821161
0.407,0.620400038,0.357350344
0.4075,0.620827679,0.356879527
0.408,0.621255028,0.356408709
0.4085,0.621682086,0.355937892
0.409,0.622108853,0.355467075
0.4095,0.622535329,0.354996257
0.41,0.622961516,0.35452544
0.4105,0.623387413,0.354054623
0.411,0.623813021,0.353583805
0.4115,0.62423834,0.353112988
0.412,0.624663372,0.352642171
0.4125,0.625088115,0.352171353
0.413,0.625512572,0.351700536
0.4135,0.625936742,0.351229719
0.414,0.626360625,0.350758901
0.4145,0.626784223,0.350288084
0.415,0.627207536,0.349817267
0.4155,0.627630563,0.349346449
0.416,0.628053307,0.348875632
0.4165,0.628475766,0.348404815
0.417,0.628897942,0.347933998
0.4175,0.629319835,0.34746318
0.418,0.629741446,0.346992363
0.4185,0.630162775,0.346521546
0.419,0.630583822,0.346050728
0.4195,0.631004588,0.345579911
0.42,0.631425074,0.345109094
0.4205,0.631845279,0.344638276
0.421,0.632265205,0.344167459
0.4215,0.632684851,0.343696642
0.422,0.633104219,0.343225824
0.4225,0.633523309,0.342755007
0.423,0.633942121,0.34228419
0.4235,0.634360655,0.341813372
0.424,0.634778913,0.341342555
0.4245,0.635196894,0.340871738
0.425,0.635614599,0.34040092
0.4255,0.636032029,0.339930103
0.426,0.636449184,0.339459286
0.4265,0.636866064,0.338988469
0.427,0.637282671,0.338517651
0.4275,0.637699003,0.338046834
0.428,0.638115063,0.337576017
0.4285,0.63853085,0.337105199
0.429,0.638946364,0.336634382
0.4295,0.639361607,0.336163565
0.43,0.639776579,0.335692747
0.4305,0.64019128,0.33522193
0.431,0.64060571,0.334751113
0.4315,0.641019871,0.334280295
0.432,0.641433762,0.333809478
0.4325,0.641847385,0.333338661
0.433,0.642260739,0.332867843
0.4335,0.642673824,0.332397026
0.434,0.643086643,0.331926209
0.4345,0.643499194,0.331455391
0.435,0.643911479,0.330984574
0.4355,0.644323497,0.330513757
0.436,0.64473525,0.330042939
0.4365,0.645146737,0.329572122
0.437,0.64555796,0.329101305
0.4375,0.645968918,0.328630488
0.438,0.646379611,0.328630488
0.4385,0.64679003,0.32815967
0.439,0.647200187,0.327688853
0.4395,0.64761008,0.327218036
0.44,0.648019711,0.326747218
0.4405,0.64842908,0.326276401
0.441,0.648838188,0.325805584
0.4415,0.649247035,0.325334766
0.442,0.649655622,0.324863949
0.4425,0.650063948,0.324393132
0.443,0.650472015,0.323922314
0.4435,0.650879823,0.323451497
0.444,0.651287372,0.32298068
0.4445,0.651694663,0.322509862
0.445,0.652101696,0.322039045
0.4455,0.652508472,0.321568228
0.446,0.652914991,0.32109741
0.4465,0.653321254,0.320626593
0.447,0.653727262,0.320155776
0.4475,0.654133013,0.319684958
0.448,0.654538502,0.319684958
0.4485,0.654943727,0.319214141
0.449,0.655348696,0.318743324
0.4495,0.655753412,0.318272507
0.45,0.656157875,0.317801689
0.4505,0.656562085,0.317330872
0.451,0.656966042,0.316860055
0.4515,0.657369747,0.316389237
0.452,0.6577732,0.31591842
0.4525,0.658176403,0.315447603
0.453,0.658579354,0.314976785
0.4535,0.658982056,0.314505968
0.454,0.659384507,0.314035151
0.4545,0.65978671,0.313564333
0.455,0.660188663,0.313093516
0.4555,0.66059035,0.313093516
0.456,0.660991785,0.312622699
0.4565,0.661392972,0.312151881
0.457,0.661793911,0.311681064
0.4575,0.662194604,0.311210247
0.458,0.66259505,0.310739429
0.4585,0.66299525,0.310268612
0.459,0.663395205,0.309797795
0.4595,0.663794915,0.309326978
0.46,0.66419438,0.30885616
0.4605,0.664593601,0.308385343
0.461,0.664992578,0.307914526
0.4615,0.665391296,0.307914526
0.462,0.665789761,0.307443708
0.4625,0.666187984,0.306972891
0.463,0.666585964,0.306502074
0.4635,0.666983702,0.306031256
0.464,0.6673812,0.305560439
0.4645,0.667778456,0.305089622
0.465,0.668175472,0.304618804
0.4655,0.668572248,0.304147987
0.466,0.668968785,0.30367717
0.4665,0.669365082,0.303206352
0.467,0.669761117,0.303206352
0.4675,0.670156909,0.302735535
0.468,0.670552462,0.302264718
0.4685,0.670947778,0.3017939
0.469,0.671342857,0.301323083
0.4695,0.6717377,0.300852266
0.47,0.672132306,0.300381448
0.4705,0.672526676,0.299910631
0.471,0.672920812,0.299439814
0.4715,0.673314709,0.299439814
0.472,0.673708343,0.298968997
0.4725,0.674101743,0.298498179
0.473,0.674494909,0.298027362
0.4735,0.674887842,0.297556545
0.474,0.675280542,0.297085727
0.4745,0.67567301,0.29661491
0.475,0.676065245,0.296144093
0.4755,0.67645725,0.295673275
0.476,0.676849018,0.295673275
0.4765,0.677240526,0.295202458
0.477,0.677631803,0.294731641
0.4775,0.678022851,0.294260823
0.478,0.678413669,0.293790006
0.4785,0.678804257,0.293319189
0.479,0.679194617,0.292848371
0.4795,0.679584749,0.292377554
0.48,0.679974654,0.291906737
0.4805,0.680364302,0.291906737
0.481,0.680753715,0.291435919
0.4815,0.681142901,0.290965102
0.482,0.681531861,0.290494285
0.4825,0.681920594,0.290023467
0.483,0.682309103,0.28955265
0.4835,0.682697387,0.289081833
0.484,0.683085446,0.288611016
0.4845,0.683473247,0.288611016
0.485,0.683860819,0.288140198
0.4855,0.684248167,0.287669381
0.486,0.684635293,0.287198564
0.4865,0.685022196,0.286727746
0.487,0.685408876,0.286256929
0.4875,0.685795336,0.285786112
0.488,0.686181558,0.285786112
0.4885,0.686567534,0.285315294
0.489,0.686953289,0.284844477
0.4895,0.687338824,0.28437366
0.49,0.687724139,0.283902842
0.4905,0.688109235,0.283432025
0.491,0.688494112,0.282961208
0.4915,0.688878761,0.282961208
0.492,0.689263158,0.28249039
0.4925,0.689647337,0.282019573
0.493,0.690031299,0.281548756
0.4935,0.690415044,0.281077938
0.494,0.690798573,0.280607121
0.4945,0.691181885,0.280136304
0.495,0.691564966,0.280136304
0.4955,0.691947802,0.279665487
0.496,0.692330423,0.279194669
0.4965,0.69271283,0.278723852
0.497,0.693095023,0.278253035
0.4975,0.693477002,0.277782217
0.498,0.693858768,0.2773114
0.4985,0.694240284,0.2773114
0.499,0.694621577,0.276840583
0.4995,0.695002658,0.276369765
0.5,0.695383528,0.275898948
0.5005,0.695764186,0.275428131
0.501,0.696144633,0.274957313
0.5015,0.69652485,0.274957313
0.502,0.696904827,0.274486496
0.5025,0.697284595,0.274015679
0.503,0.697664153,0.273544861
0.5035,0.698043503,0.273074044
0.504,0.698422644,0.272603227
0.5045,0.698801565,0.272603227
0.505,0.699180239,0.272132409
0.5055,0.699558706,0.271661592
0.506,0.699936965,0.271190775
0.5065,0.700315018,0.270719957
0.507,0.700692866,0.27024914
0.5075,0.701070494,0.27024914
0.508,0.701447877,0.269778323
0.5085,0.701825056,0.269307506
0.509,0.702202029,0.268836688
0.5095,0.702578799,0.268365871
0.51,0.702955364,0.267895054
0.5105,0.703331704,0.267895054
0.511,0.703707808,0.267424236
0.5115,0.704083711,0.266953419
0.512,0.704459411,0.266482602
0.5125,0.704834909,0.266011784
0.513,0.705210205,0.265540967
0.5135,0.705585259,0.265540967
0.514,0.705960097,0.26507015
0.5145,0.706334736,0.264599332
0.515,0.706709175,0.264128515
0.5155,0.707083414,0.263657698
0.516,0.707457441,0.263657698
0.5165,0.707831224,0.26318688
0.517,0.70820481,0.262716063
0.5175,0.708578197,0.262245246
0.518,0.708951387,0.261774428
0.5185,0.709324379,0.261303611
0.519,0.709697126,0.261303611
0.5195,0.710069666,0.260832794
0.52,0.71044201,0.260361977
0.5205,0.710814158,0.259891159
0.521,0.711186111,0.259420342
0.5215,0.711557837,0.259420342
0.522,0.71192934,0.258949525
0.5225,0.712300649,0.258478707
0.523,0.712671764,0.25800789
0.5235,0.713042686,0.257537073
0.524,0.713413391,0.257537073
0.5245,0.713783866,0.257066255
0.525,0.714154148,0.256595438
0.5255,0.714524238,0.256124621
0.526,0.714894136,0.255653803
0.5265,0.715263824,0.255653803
0.527,0.715633278,0.255182986
0.5275,0.716002541,0.254712169
0.528,0.716371614,0.254241351
0.5285,0.716740497,0.253770534
0.529,0.71710917,0.253770534
0.5295,0.717477611,0.253299717
0.53,0.717845863,0.252828899
0.5305,0.718213927,0.252358082
0.531,0.718581803,0.251887265
0.5315,0.718949463,0.251887265
0.532,0.719316899,0.251416447
0.5325,0.719684148,0.25094563
0.533,0.720051211,0.250474813
0.5335,0.720418088,0.250003996
0.534,0.720784738,0.250003996
0.5345,0.721151177,0.249533178
0.535,0.721517431,0.249062361
0.5355,0.721883501,0.248591544
0.536,0.722249387,0.248120726
0.5365,0.722615028,0.248120726
0.537,0.722980478,0.247649909
0.5375,0.723345746,0.247179092
0.538,0.723710831,0.246708274
0.5385,0.724075716,0.246708274
0.539,0.724440368,0.246237457
0.5395,0.724804838,0.24576664
0.54,0.725169127,0.245295822
0.5405,0.725533235,0.244825005
0.541,0.725897115,0.244825005
0.5415,0.726260792,0.244354188
0.542,0.72662429,0.24388337
0.5425,0.726987608,0.243412553
0.543,0.727350736,0.243412553
0.5435,0.727713624,0.242941736
0.544,0.728076335,0.242470918
0.5445,0.728438868,0.242000101
0.545,0.728801223,0.241529284
0.5455,0.729163349,0.241529284
0.546,0.729525278,0.241058466
0.5465,0.72988703,0.240587649
0.547,0.730248606,0.240116832
0.5475,0.730609983,0.240116832
0.548,0.730971134,0.239646015
0.5485,0.73133211,0.239175197
0.549,0.731692911,0.23870438
0.5495,0.732053539,0.238233563
0.55,0.732413918,0.238233563
0.5505,0.732774123,0.237762745
0.551,0.733134154,0.237291928
0.5515,0.733494013,0.236821111
0.552,0.733853646,0.236821111
0.5525,0.734213084,0.236350293
0.553,0.73457235,0.235879476
0.5535,0.734931445,0.235408659
0.554,0.735290332,0.235408659
0.5545,0.735649008,0.234937841
0.555,0.736007514,0.234467024
0.5555,0.73636585,0.233996207
0.556,0.736723992,0.233996207
0.5565,0.737081911,0.233525389
0.557,0.73743966,0.233054572
0.5575,0.737797242,0.232583755
0.558,0.738154641,0.232583755
0.5585,0.738511807,0.232112937
0.559,0.738868806,0.23164212
0.5595,0.739225637,0.231171303
0.56,0.739582294,0.231171303
0.5605,0.739938712,0.230700486
0.561,0.740294964,0.230229668
0.5615,0.740651051,0.229758851
0.562,0.741006966,0.229758851
0.5625,0.741362641,0.229288034
0.563,0.741718151,0.228817216
0.5635,0.742073497,0.228346399
0.564,0.742428673,0.228346399
0.5645,0.742783609,0.227875582
0.565,0.743138382,0.227404764
0.5655,0.743492992,0.226933947
0.566,0.743847429,0.226933947
0.5665,0.744201631,0.22646313
0.567,0.744555671,0.225992312
0.5675,0.74490955,0.225521495
0.568,0.74526325,0.225521495
0.5685,0.745616722,0.225050678
0.569,0.745970034,0.22457986
0.5695,0.746323186,0.224109043
0.57,0.74667615,0.224109043
0.5705,0.747028897,0.223638226
0.571,0.747381486,0.223167408
0.5715,0.747733916,0.222696591
0.572,0.748086145,0.222696591
0.5725,0.748438172,0.222225774
0.573,0.748790042,0.221754956
0.5735,0.749141755,0.221284139
0.574,0.749493249,0.221284139
0.5745,0.749844561,0.220813322
0.575,0.750195717,0.220342505
0.5755,0.750546717,0.219871687
0.576,0.750897479,0.219871687
0.5765,0.751248079,0.21940087
0.577,0.751598525,0.218930053
0.5775,0.751948799,0.218930053
0.578,0.752298847,0.218459235
0.5785,0.752648742,0.217988418
0.579,0.752998483,0.217517601
0.5795,0.753348026,0.217517601
0.58,0.753697371,0.217046783
0.5805,0.754046563,0.216575966
0.581,0.754395604,0.216105149
0.5815,0.754744418,0.216105149
0.582,0.755093064,0.215634331
0.5825,0.755441559,0.215163514
0.583,0.755789887,0.215163514
0.5835,0.756137989,0.214692697
0.584,0.756485942,0.214221879
0.5845,0.756833744,0.213751062
0.585,0.757181345,0.213751062
0.5855,0.757528756,0.213280245
0.586,0.757876019,0.212809427
0.5865,0.758223134,0.21233861
0.587,0.758570007,0.21233861
0.5875,0.758916732,0.211867793
0.588,0.75926331,0.211396975
0.5885,0.7596097,0.211396975
0.589,0.75995589,0.210926158
0.5895,0.760301933,0.210455341
0.59,0.760647831,0.209984524
0.5905,0.760993497,0.209984524
0.591,0.761339008,0.209513706
0.5915,0.761684374,0.209042889
0.592,0.762029557,0.209042889
0.5925,0.762374538,0.208572072
0.593,0.762719375,0.208101254
0.5935,0.763064069,0.207630437
0.594,0.763408529,0.207630437
0.5945,0.76375284,0.20715962
0.595,0.764097008,0.206688802
0.5955,0.764440987,0.206688802
0.596,0.764784772,0.206217985
0.5965,0.765128416,0.205747168
0.597,0.765471915,0.205747168
0.5975,0.765815178,0.20527635
0.598,0.7661583,0.204805533
0.5985,0.766501283,0.204334716
0.599,0.766844062,0.204334716
0.5995,0.767186665,0.203863898
0.6,0.767529129,0.203393081
0.6005,0.767871428,0.203393081
0.601,0.768213514,0.202922264
0.6015,0.768555462,0.202451446
0.602,0.768897272,0.201980629
0.6025,0.769238853,0.201980629
0.603,0.769580287,0.201509812
0.6035,0.769921584,0.201038995
0.604,0.770262687,0.201038995
0.6045,0.770603609,0.200568177
0.605,0.770944395,0.20009736
0.6055,0.771285021,0.20009736
0.606,0.771625433,0.199626543
0.6065,0.77196571,0.199155725
0.607,0.772305853,0.198684908
0.6075,0.772645764,0.198684908
0.608,0.772985535,0.198214091
0.6085,0.773325172,0.197743273
0.609,0.773664607,0.197743273
0.6095,0.774003873,0.197272456
0.61,0.774343007,0.196801639
0.6105,0.774681966,0.196801639
0.611,0.77502073,0.196330821
0.6115,0.775359363,0.195860004
0.612,0.775697846,0.195860004
0.6125,0.77603611,0.195389187
0.613,0.776374244,0.194918369
0.6135,0.776712247,0.194447552
0.614,0.777050019,0.194447552
0.6145,0.777387656,0.193976735
0.615,0.777725164,0.193505917
0.6155,0.778062462,0.193505917
0.616,0.778399604,0.1930351
0.6165,0.778736617,0.192564283
0.617,0.779073442,0.192564283
0.6175,0.779410091,0.192093465
0.618,0.779746614,0.191622648
0.6185,0.780082965,0.191622648
0.619,0.780419125,0.191151831
0.6195,0.780755157,0.190681014
0.62,0.781091037,0.190681014
0.6205,0.781426708,0.190210196
0.621,0.781762253,0.189739379
0.6215,0.782097661,0.189739379
0.622,0.782432846,0.189268562
0.6225,0.782767906,0.188797744
0.623,0.783102842,0.188797744
0.6235,0.783437543,0.188326927
0.624,0.783772121,0.18785611
0.6245,0.784106576,0.187385292
0.625,0.784440805,0.187385292
0.6255,0.784774902,0.186914475
0.626,0.785108877,0.186443658
0.6265,0.785442637,0.186443658
0.627,0.785776255,0.18597284
0.6275,0.786109753,0.185502023
0.628,0.786443043,0.185502023
0.6285,0.786776185,0.185031206
0.629,0.787109206,0.184560388
0.6295,0.787442028,0.184560388
0.63,0.787774695,0.184089571
0.6305,0.788107244,0.183618754
0.631,0.788439596,0.183618754
0.6315,0.788771792,0.183147936
0.632,0.789103869,0.182677119
0.6325,0.789435754,0.182677119
0.633,0.789767479,0.182206302
0.6335,0.790099087,0.181735485
0.634,0.790430505,0.181735485
0.6345,0.790761762,0.181264667
0.635,0.791092904,0.18079385
0.6355,0.791423854,0.18079385
0.636,0.791754646,0.180323033
0.6365,0.792085322,0.179852215
0.637,0.792415806,0.179852215
0.6375,0.792746134,0.179381398
0.638,0.793076348,0.178910581
0.6385,0.793406366,0.178910581
0.639,0.793736233,0.178439763
0.6395,0.794065987,0.177968946
0.64,0.794395539,0.177968946
0.6405,0.794724946,0.177498129
0.641,0.795054242,0.177027311
0.6415,0.795383329,0.177027311
0.642,0.79571228,0.176556494
0.6425,0.796041119,0.176085677
0.643,0.796369741,0.176085677
0.6435,0.796698237,0.175614859
0.644,0.797026622,0.175144042
0.6445,0.797354781,0.175144042
0.645,0.797682824,0.174673225
0.6455,0.79801075,0.174673225
0.646,0.798338452,0.174202407
0.6465,0.798666044,0.17373159
0.647,0.798993508,0.17373159
0.6475,0.79932076,0.173260773
0.648,0.799647904,0.172789955
0.6485,0.799974904,0.172789955
0.649,0.800301709,0.172319138
0.6495,0.800628407,0.171848321
0.65,0.800954945,0.171848321
0.6505,0.801281305,0.171377504
0.651,0.801607558,0.170906686
0.6515,0.801933635,0.170906686
0.652,0.802259551,0.170435869
0.6525,0.802585362,0.169965052
0.653,0.802910978,0.169965052
0.6535,0.803236453,0.169494234
0.654,0.803561824,0.169023417
0.6545,0.803886979,0.169023417
0.655,0.804212015,0.1685526
0.6555,0.80453694,0.1685526
0.656,0.804861643,0.168081782
0.6565,0.805186243,0.167610965
0.657,0.805510708,0.167610965
0.6575,0.805834975,0.167140148
0.658,0.806159141,0.16666933
0.6585,0.806483146,0.16666933
0.659,0.80680698,0.166198513
0.6595,0.807130713,0.165727696
0.66,0.807454259,0.165727696
0.6605,0.807777662,0.165256878
0.661,0.808100964,0.164786061
0.6615,0.808424052,0.164786061
0.662,0.808747026,0.164315244
0.6625,0.809069885,0.164315244
0.663,0.80939253,0.163844426
0.6635,0.809715077,0.163373609
0.664,0.810037478,0.163373609
0.6645,0.810359697,0.162902792
0.665,0.810681819,0.162431974
0.6655,0.811003763,0.162431974
0.666,0.811325558,0.161961157
0.6665,0.811647257,0.16149034
0.667,0.811968744,0.16149034
0.6675,0.812290119,0.161019523
0.668,0.812611377,0.161019523
0.6685,0.812932428,0.160548705
0.669,0.813253382,0.160077888
0.6695,0.813574185,0.160077888
0.67,0.813894817,0.159607071
0.6705,0.814215354,0.159136253
0.671,0.814535702,0.159136253
0.6715,0.814855917,0.158665436
0.672,0.815176037,0.158665436
0.6725,0.815495932,0.158194619
0.673,0.815815733,0.157723801
0.6735,0.816135398,0.157723801
0.674,0.81645488,0.157252984
0.6745,0.816774269,0.156782167
0.675,0.81709348,0.156782167
0.6755,0.817412551,0.156311349
0.676,0.81773153,0.155840532
0.6765,0.818050288,0.155840532
0.677,0.81836895,0.155369715
0.6775,0.81868748,0.155369715
0.678,0.819005825,0.154898897
0.6785,0.819324081,0.15442808
0.679,0.819642158,0.15442808
0.6795,0.819960098,0.153957263
0.68,0.820277949,0.153486445
0.6805,0.820595574,0.153486445
0.681,0.82091311,0.153015628
0.6815,0.821230509,0.153015628
0.682,0.821547732,0.152544811
0.6825,0.821864867,0.152073994
0.683,0.822181814,0.152073994
0.6835,0.822498636,0.151603176
0.684,0.822815358,0.151603176
0.6845,0.823131868,0.151132359
0.685,0.823448292,0.150661542
0.6855,0.823764563,0.150661542
0.686,0.824080676,0.150190724
0.6865,0.824396705,0.149719907
0.687,0.824712525,0.149719907
0.6875,0.825028244,0.14924909
0.688,0.825343839,0.14924909
0.6885,0.825659248,0.148778272
0.689,0.825974574,0.148307455
0.6895,0.82628972,0.148307455
0.69,0.826604738,0.147836638
0.6905,0.826919658,0.147836638
0.691,0.827234369,0.14736582
0.6915,0.827548998,0.146895003
0.692,0.82786347,0.146895003
0.6925,0.828177792,0.146424186
0.693,0.828492033,0.145953368
0.6935,0.828806057,0.145953368
0.694,0.829119993,0.145482551
0.6945,0.829433792,0.145482551
0.695,0.829747424,0.145011734
0.6955,0.830060976,0.144540916
0.696,0.830374328,0.144540916
0.6965,0.830687577,0.144070099
0.697,0.831000705,0.144070099
0.6975,0.831313651,0.143599282
0.698,0.831626519,0.143128464
0.6985,0.8319392,0.143128464
0.699,0.832251767,0.142657647
0.6995,0.832564225,0.142657647
0.7,0.832876491,0.14218683
0.7005,0.83318868,0.141716013
0.701,0.833500691,0.141716013
0.7015,0.833812581,0.141245195
0.702,0.834124369,0.141245195
0.7025,0.83443596,0.140774378
0.703,0.834747475,0.140303561
0.7035,0.835058818,0.140303561
0.704,0.835370036,0.139832743
0.7045,0.835681156,0.139832743
0.705,0.835992076,0.139361926
0.7055,0.836302923,0.138891109
0.706,0.836613598,0.138891109
0.7065,0.836924149,0.138420291
0.707,0.837234602,0.138420291
0.7075,0.837544857,0.137949474
0.708,0.83785504,0.137478657
0.7085,0.838165049,0.137478657
0.709,0.838474937,0.137007839
0.7095,0.838784725,0.137007839
0.71,0.83909432,0.136537022
0.7105,0.839403843,0.136066205
0.711,0.839713187,0.136066205
0.7115,0.840022419,0.135595387
0.712,0.840331541,0.135595387
0.7125,0.840640481,0.13512457
0.713,0.840949351,0.134653753
0.7135,0.841258031,0.134653753
0.714,0.84156661,0.134182935
0.7145,0.841875069,0.134182935
0.715,0.842183358,0.133712118
0.7155,0.842491579,0.133241301
0.716,0.842799596,0.133241301
0.7165,0.843107528,0.132770483
0.717,0.843415325,0.132770483
0.7175,0.843722969,0.132299666
0.718,0.844030544,0.132299666
0.7185,0.844337901,0.131828849
0.719,0.844645191,0.131358032
0.7195,0.844952326,0.131358032
0.72,0.84525933,0.130887214
0.7205,0.845566244,0.130887214
0.721,0.845872963,0.130416397
0.7215,0.846179616,0.12994558
0.722,0.84648609,0.12994558
0.7225,0.846792459,0.129474762
0.723,0.847098713,0.129474762
0.7235,0.847404798,0.129003945
0.724,0.847710819,0.128533128
0.7245,0.848016634,0.128533128
0.725,0.848322372,0.12806231
0.7255,0.848627968,0.12806231
0.726,0.848933424,0.127591493
0.7265,0.8492388,0.127591493
0.727,0.849543975,0.127120676
0.7275,0.849849087,0.126649858
0.728,0.850154025,0.126649858
0.7285,0.850458858,0.126179041
0.729,0.850763577,0.126179041
0.7295,0.851068129,0.125708224
0.73,0.851372622,0.125237406
0.7305,0.851676903,0.125237406
0.731,0.851981117,0.124766589
0.7315,0.852285179,0.124766589
0.732,0.852589115,0.124295772
0.7325,0.852892959,0.124295772
0.733,0.853196618,0.123824954
0.7335,0.853500218,0.123354137
0.734,0.853803625,0.123354137
0.7345,0.854106949,0.12288332
0.735,0.854410138,0.12288332
0.7355,0.854713187,0.122412503
0.736,0.855016158,0.122412503
0.7365,0.855318931,0.121941685
0.737,0.855621648,0.121470868
0.7375,0.855924184,0.121470868
0.738,0.856226627,0.121000051
0.7385,0.856528944,0.121000051
0.739,0.856831115,0.120529233
0.7395,0.857133214,0.120529233
0.74,0.857435112,0.120058416
0.7405,0.857736955,0.119587599
0.741,0.85803862,0.119587599
0.7415,0.858340192,0.119116781
0.742,0.85864164,0.119116781
0.7425,0.858942941,0.118645964
0.743,0.859244172,0.118645964
0.7435,0.859545203,0.118175147
0.744,0.859846181,0.117704329
0.7445,0.860146978,0.117704329
0.745,0.860447687,0.117233512
0.7455,0.860748268,0.117233512
0.746,0.861048708,0.116762695
0.7465,0.861349072,0.116762695
0.747,0.861649245,0.116291877
0.7475,0.861949367,0.11582106
0.748,0.862249298,0.11582106
0.7485,0.862549154,0.115350243
0.749,0.862848869,0.115350243
0.7495,0.863148458,0.114879425
0.75,0.863447957,0.114879425
0.7505,0.863747281,0.114408608
0.751,0.864046557,0.113937791
0.7515,0.864345624,0.113937791
0.752,0.864644635,0.113466973
0.7525,0.864943486,0.113466973
0.753,0.865242233,0.112996156
0.7535,0.865540869,0.112996156
0.754,0.865839353,0.112525339
0.7545,0.866137773,0.112525339
0.755,0.866435996,0.112054522
0.7555,0.866734171,0.111583704
0.756,0.867032161,0.111583704
0.7565,0.867330075,0.111112887
0.757,0.867627849,0.111112887
0.7575,0.867925503,0.11064207
0.758,0.868223062,0.11064207
0.7585,0.868520456,0.110171252
0.759,0.868817801,0.110171252
0.7595,0.869114935,0.109700435
0.76,0.869412026,0.109229618
0.7605,0.869708941,0.109229618
0.761,0.870005773,0.1087588
0.7615,0.870302473,0.1087588
0.762,0.870599048,0.108287983
0.7625,0.870895534,0.108287983
0.763,0.871191851,0.107817166
0.7635,0.871488123,0.107817166
0.764,0.871784184,0.107346348
0.7645,0.872080204,0.106875531
0.765,0.872376047,0.106875531
0.7655,0.872671811,0.106404714
0.766,0.872967441,0.106404714
0.7665,0.87326295,0.105933896
0.767,0.873558366,0.105933896
0.7675,0.873853622,0.105463079
0.768,0.874148824,0.105463079
0.7685,0.874443826,0.104992262
0.769,0.874738789,0.104521444
0.7695,0.875033564,0.104521444
0.77,0.875328275,0.104050627
0.7705,0.875622836,0.104050627
0.771,0.875917295,0.10357981
0.7715,0.876211643,0.10357981
0.772,0.876505851,0.103108993
0.7725,0.876799987,0.103108993
0.773,0.877093944,0.102638175
0.7735,0.877387865,0.102167358
0.774,0.877681574,0.102167358
0.7745,0.877975246,0.101696541
0.775,0.878268742,0.101696541
0.7755,0.878562165,0.101225723
0.776,0.878855449,0.101225723
0.7765,0.879148624,0.100754906
0.777,0.879441695,0.100754906
0.7775,0.879734623,0.100284089
0.778,0.880027482,0.100284089
0.7785,0.880320162,0.099813271
0.779,0.880612809,0.099342454
0.7795,0.880905243,0.099342454
0.78,0.881197644,0.098871637
0.7805,0.881489867,0.098871637
0.781,0.881782022,0.098400819
0.7815,0.882074033,0.098400819
0.782,0.882365944,0.097930002
0.7825,0.882657743,0.097930002
0.783,0.88294941,0.097459185
0.7835,0.883240998,0.097459185
0.784,0.883532422,0.096988367
0.7845,0.883823797,0.096988367
0.785,0.884114979,0.09651755
0.7855,0.884406129,0.096046733
0.786,0.884697082,0.096046733
0.7865,0.884987992,0.095575915
0.787,0.885278733,0.095575915
0.7875,0.885569402,0.095105098
0.788,0.885859932,0.095105098
0.7885,0.88615036,0.094634281
0.789,0.88644068,0.094634281
0.7895,0.886730869,0.094163463
0.79,0.887020978,0.094163463
0.7905,0.887310927,0.093692646
0.791,0.887600825,0.093692646
0.7915,0.887890536,0.093221829
0.792,0.888180219,0.092751012
0.7925,0.888469696,0.092751012
0.793,0.888759143,0.092280194
0.7935,0.889048409,0.092280194
0.794,0.889337619,0.091809377
0.7945,0.889626675,0.091809377
0.795,0.889915649,0.09133856
0.7955,0.890204495,0.09133856
0.796,0.890493233,0.090867742
0.7965,0.890781869,0.090867742
0.797,0.891070372,0.090396925
0.7975,0.891358799,0.090396925
0.798,0.891647067,0.089926108
0.7985,0.891935284,0.089926108
0.799,0.892223319,0.08945529
0.7995,0.892511326,0.08945529
0.8,0.892799128,0.088984473
0.8005,0.893086907,0.088513656
0.801,0.893374495,0.088513656
0.8015,0.893662042,0.088042838
0.802,0.893949421,0.088042838
0.8025,0.894236736,0.087572021
0.803,0.894523906,0.087572021
0.8035,0.894810991,0.087101204
0.804,0.895097952,0.087101204
0.8045,0.895384806,0.086630386
0.805,0.895671558,0.086630386
0.8055,0.895958183,0.086159569
0.806,0.896244726,0.086159569
0.8065,0.896531122,0.085688752
0.807,0.896817457,0.085688752
0.8075,0.897103625,0.085217934
0.808,0.89738975,0.085217934
0.8085,0.89767569,0.084747117
0.809,0.897961608,0.084747117
0.8095,0.898247321,0.0842763
0.81,0.898533015,0.083805482
0.8105,0.898818516,0.083805482
0.811,0.899103985,0.083334665
0.8115,0.899389278,0.083334665
0.812,0.899674521,0.082863848
0.8125,0.899959606,0.082863848
0.813,0.900244624,0.082393031
0.8135,0.900529501,0.082393031
0.814,0.900814296,0.081922213
0.8145,0.901098965,0.081922213
0.815,0.901383536,0.081451396
0.8155,0.901667997,0.081451396
0.816,0.901952345,0.080980579
0.8165,0.902236599,0.080980579
0.817,0.902520724,0.080509761
0.8175,0.902804771,0.080509761
0.818,0.903088675,0.080038944
0.8185,0.903372514,0.080038944
0.819,0.903656197,0.079568127
0.8195,0.903939829,0.079568127
0.82,0.904223291,0.079097309
0.8205,0.904506716,0.079097309
0.821,0.904789958,0.078626492
0.8215,0.905073176,0.078626492
0.822,0.905356199,0.078155675
0.8225,0.90563921,0.077684857
0.823,0.905922014,0.077684857
0.8235,0.906204807,0.07721404
0.824,0.906487405,0.07721404
0.8245,0.90676998,0.076743223
0.825,0.907052372,0.076743223
0.8255,0.907334729,0.076272405
0.826,0.907616915,0.076272405
0.8265,0.907899056,0.075801588
0.827,0.908181035,0.075801588
0.8275,0.908462961,0.075330771
0.828,0.908744734,0.075330771
0.8285,0.909026444,0.074859953
0.829,0.909308011,0.074859953
0.8295,0.909589507,0.074389136
0.83,0.909870868,0.074389136
0.8305,0.910152149,0.073918319
0.831,0.910433305,0.073918319
0.8315,0.910714373,0.073447502
0.832,0.910995323,0.073447502
0.8325,0.911276178,0.072976684
0.833,0.911556923,0.072976684
0.8335,0.911837566,0.072505867
0.834,0.912118105,0.072505867
0.8345,0.912398536,0.07203505
0.835,0.91267887,0.07203505
0.8355,0.91295909,0.071564232
0.836,0.913239219,0.071564232
0.8365,0.913519229,0.071093415
0.837,0.913799152,0.071093415
0.8375,0.914078952,0.070622598
0.838,0.914358671,0.070622598
0.8385,0.914638262,0.07015178
0.839,0.914917776,0.07015178
0.8395,0.915197158,0.069680963
0.84,0.915476467,0.069680963
0.8405,0.915755641,0.069210146
0.841,0.916034746,0.069210146
0.8415,0.916313713,0.068739328
0.842,0.916592613,0.068739328
0.8425,0.916871373,0.068268511
0.843,0.917150069,0.068268511
0.8435,0.917428622,0.067797694
0.844,0.917707114,0.067797694
0.8445,0.917985462,0.067326876
0.845,0.918263749,0.067326876
0.8455,0.918541892,0.066856059
0.846,0.918819976,0.066856059
0.8465,0.919097914,0.066385242
0.847,0.919375794,0.066385242
0.8475,0.919653528,0.065914424
0.848,0.919931204,0.065914424
0.8485,0.920208736,0.065443607
0.849,0.920486208,0.065443607
0.8495,0.920763537,0.06497279
0.85,0.921040806,0.06497279
0.8505,0.921317932,0.064501972
0.851,0.921594998,0.064501972
0.8515,0.921871923,0.064031155
0.852,0.922148785,0.064031155
0.8525,0.922425509,0.063560338
0.853,0.922702168,0.063560338
0.8535,0.922978692,0.063089521
0.854,0.923255148,0.063089521
0.8545,0.923531472,0.062618703
0.855,0.923807725,0.062618703
0.8555,0.92408385,0.062147886
0.856,0.9243599,0.062147886
0.8565,0.924635827,0.061677069
0.857,0.924911674,0.061677069
0.8575,0.925187403,0.061206251
0.858,0.925463048,0.061206251
0.8585,0.925738579,0.060735434
0.859,0.926014022,0.060735434
0.8595,0.926289356,0.060264617
0.86,0.926564597,0.060264617
0.8605,0.926839735,0.059793799
0.861,0.927114773,0.059793799
0.8615,0.927389716,0.059322982
0.862,0.927664552,0.059322982
0.8625,0.9279393,0.058852165
0.863,0.928213933,0.058852165
0.8635,0.928488487,0.058381347
0.864,0.928762919,0.058381347
0.8645,0.929037279,0.05791053
0.865,0.929311509,0.05791053
0.8655,0.929585676,0.057439713
0.866,0.929859704,0.057439713
0.8665,0.930133678,0.056968895
0.867,0.930407505,0.056968895
0.8675,0.930681287,0.056498078
0.868,0.930954913,0.056498078
0.8685,0.931228503,0.056027261
0.869,0.931501928,0.056027261
0.8695,0.931775328,0.055556443
0.87,0.932048551,0.055556443
0.8705,0.93232176,0.055085626
0.871,0.932594782,0.055085626
0.8715,0.932867802,0.054614809
0.872,0.933140623,0.054614809
0.8725,0.933413444,0.054614809
0.873,0.933686074,0.054143991
0.8735,0.933958694,0.054143991
0.874,0.934231136,0.053673174
0.8745,0.934503556,0.053673174
0.875,0.93477581,0.053202357
0.8755,0.935048028,0.053202357
0.876,0.935320095,0.05273154
0.8765,0.935592114,0.05273154
0.877,0.935863994,0.052260722
0.8775,0.936135812,0.052260722
0.878,0.936407506,0.051789905
0.8785,0.936679124,0.051789905
0.879,0.936950633,0.051319088
0.8795,0.93722205,0.051319088
0.88,0.937493374,0.05084827
0.8805,0.937764592,0.05084827
0.881,0.938035732,0.050377453
0.8815,0.938306749,0.050377453
0.882,0.938577706,0.049906636
0.8825,0.938848523,0.049906636
0.883,0.939119297,0.049435818
0.8835,0.939389915,0.049435818
0.884,0.939660505,0.048965001
0.8845,0.939930924,0.048965001
0.885,0.940201333,0.048494184
0.8855,0.940471552,0.048494184
0.886,0.940741771,0.048494184
0.8865,0.941011799,0.048023366
0.887,0.941281818,0.048023366
0.8875,0.941551666,0.047552549
0.888,0.941821486,0.047552549
0.8885,0.942091154,0.047081732
0.889,0.942360775,0.047081732
0.8895,0.942630264,0.046610914
0.89,0.942899686,0.046610914
0.8905,0.943168995,0.046140097
0.891,0.943438219,0.046140097
0.8915,0.94370735,0.04566928
0.892,0.943976374,0.04566928
0.8925,0.944245328,0.045198462
0.893,0.944514154,0.045198462
0.8935,0.94478293,0.044727645
0.894,0.945051558,0.044727645
0.8945,0.945320158,0.044256828
0.895,0.945588587,0.044256828
0.8955,0.94585701,0.043786011
0.896,0.946125241,0.043786011
0.8965,0.946393472,0.043786011
0.897,0.946661522,0.043315193
0.8975,0.946929555,0.043315193
0.898,0.94719743,0.042844376
0.8985,0.947465265,0.042844376
0.899,0.947732967,0.042373559
0.8995,0.947765662,0
0.9,0.947765662,0
0.9005,0.947765662,0
0.901,0.947765662,0
0.9015,0.947765662,0
0.902,0.947765662,0
0.9025,0.947765662,0
0.903,0.947765662,0
0.9035,0.947765662,0
0.904,0.947765662,0
0.9045,0.947765662,0
0.905,0.947765662,0
0.9055,0.947765662,0
0.906,0.947765662,0
0.9065,0.947765662,0
0.907,0.947765662,0
0.9075,0.947765662,0
0.908,0.947765662,0
0.9085,0.947765662,0
0.909,0.947765662,0
0.9095,0.947765662,0
0.91,0.947765662,0
0.9105,0.947765662,0
0.911,0.947765662,0
0.9115,0.947765662,0
0.912,0.947765662,0
0.9125,0.947765662,0
0.913,0.947765662,0
0.9135,0.947765662,0
0.914,0.947765662,0
0.9145,0.947765662,0
0.915,0.947765662,0
0.9155,0.947765662,0
0.916,0.947765662,0
0.9165,0.947765662,0
0.917,0.947765662,0
0.9175,0.947765662,0
0.918,0.947765662,0
0.9185,0.947765662,0
0.919,0.947765662,0
0.9195,0.947765662,0
0.92,0.947765662,0
0.9205,0.947765662,0
0.921,0.947765662,0
0.9215,0.947765662,0
0.922,0.947765662,0
0.9225,0.947765662,0
0.923,0.947765662,0
0.9235,0.947765662,0
0.924,0.947765662,0
0.9245,0.947765662,0
0.925,0.947765662,0
0.9255,0.947765662,0
0.926,0.947765662,0
0.9265,0.947765662,0
0.927,0.947765662,0
0.9275,0.947765662,0
0.928,0.947765662,0
0.9285,0.947765662,0
0.929,0.947765662,0
0.9295,0.947765662,0
0.93,0.947765662,0
0.9305,0.947765662,0
0.931,0.947765662,0
0.9315,0.947765662,0
0.932,0.947765662,0
0.9325,0.947765662,0
0.933,0.947765662,0
0.9335,0.947765662,0
0.934,0.947765662,0
0.9345,0.947765662,0
0.935,0.947765662,0
0.9355,0.947765662,0
0.936,0.947765662,0
0.9365,0.947765662,0
0.937,0.947765662,0
0.9375,0.947765662,0
0.938,0.947765662,0
0.9385,0.947765662,0
0.939,0.947765662,0
0.9395,0.947765662,0
0.94,0.947765662,0
0.9405,0.947765662,0
0.941,0.947765662,0
0.9415,0.947765662,0
0.942,0.947765662,0
0.9425,0.947765662,0
0.943,0.947765662,0
0.9435,0.947765662,0
0.944,0.947765662,0
0.9445,0.947765662,0
0.945,0.947765662,0
0.9455,0.947765662,0
0.946,0.947765662,0
0.9465,0.947765662,0
0.947,0.947765662,0
0.9475,0.947765662,0
0.948,0.947765662,0
0.9485,0.947765662,0
0.949,0.947765662,0
0.9495,0.947765662,0
0.95,0.947765662,0
0.9505,0.947765662,0
0.951,0.947765662,0
0.9515,0.947765662,0
0.952,0.947765662,0
0.9525,0.947765662,0
0.953,0.947765662,0
0.9535,0.947765662,0
0.954,0.947765662,0
0.9545,0.947765662,0
0.955,0.947765662,0
0.9555,0.947765662,0
0.956,0.947765662,0
0.9565,0.947765662,0
0.957,0.947765662,0
0.9575,0.947765662,0
0.958,0.947765662,0
0.9585,0.947765662,0
0.959,0.947765662,0
0.9595,0.947765662,0
0.96,0.947765662,0
0.9605,0.947765662,0
0.961,0.947765662,0
0.9615,0.947765662,0
0.962,0.947765662,0
0.9625,0.947765662,0
0.963,0.947765662,0
0.9635,0.947765662,0
0.964,0.947765662,0
0.9645,0.947765662,0
0.965,0.947765662,0
0.9655,0.947765662,0
0.966,0.947765662,0
0.9665,0.947765662,0
0.967,0.947765662,0
0.9675,0.947765662,0
0.968,0.947765662,0
0.9685,0.947765662,0
0.969,0.947765662,0
0.9695,0.947765662,0
0.97,0.947765662,0
0.9705,0.947765662,0
0.971,0.947765662,0
0.9715,0.947765662,0
0.972,0.947765662,0
0.9725,0.947765662,0
0.973,0.947765662,0
0.9735,0.947765662,0
0.974,0.947765662,0
0.9745,0.947765662,0
0.975,0.947765662,0
0.9755,0.947765662,0
0.976,0.947765662,0
0.9765,0.947765662,0
0.977,0.947765662,0
0.9775,0.947765662,0
0.978,0.947765662,0
0.9785,0.947765662,0
0.979,0.947765662,0
0.9795,0.947765662,0
0.98,0.947765662,0
0.9805,0.947765662,0
0.981,0.947765662,0
0.9815,0.947765662,0
0.982,0.947765662,0
0.9825,0.947765662,0
0.983,0.947765662,0
0.9835,0.947765662,0
0.984,0.947765662,0
0.9845,0.947765662,0
0.985,0.947765662,0
0.9855,0.947765662,0
0.986,0.947765662,0
0.9865,0.947765662,0
0.987,0.947765662,0
0.9875,0.947765662,0
0.988,0.947765662,0
0.9885,0.947765662,0
0.989,0.947765662,0
0.9895,0.947765662,0
0.99,0.947765662,0
0.9905,0.947765662,0
0.991,0.947765662,0
0.9915,0.947765662,0
0.992,0.947765662,0
0.9925,0.947765662,0
0.993,0.947765662,0
0.9935,0.947765662,0
0.994,0.947765662,0
0.9945,0.947765662,0
0.995,0.947765662,0
0.9955,0.947765662,0
0.996,0.947765662,0
0.9965,0.947765662,0
0.997,0.947765662,0
0.9975,0.947765662,0
0.998,0.947765662,0
0.9985,0.947765662,0
0.999,0.947765662,0
0.9995,0.947765662,0
1,0.947765662,0